{"cameraMode":{"drawMode":0,"name":"Shaded","section":"Shading Mode"},"sceneLighting":false,"audioPlay":false,"sceneViewState":{"showFog":true,"showMaterialUpdate":false,"showSkybox":false,"showFlares":true,"showImageEffects":true,"showParticleSystems":true},"in2DMode":false,"pivot":{"x":0.0000011920928955078126,"y":1.976825475692749,"z":0.0},"rotation":{"x":-0.22649411857128144,"y":0.771674394607544,"z":-0.38889193534851076,"w":-0.449429452419281},"size":8.73123550415039,"orthographic":false}