{"cameraMode":{"drawMode":0,"name":"Shaded","section":"Shading Mode"},"sceneLighting":false,"audioPlay":false,"sceneViewState":{"showFog":true,"showMaterialUpdate":false,"showSkybox":false,"showFlares":true,"showImageEffects":true,"showParticleSystems":true},"in2DMode":false,"pivot":{"x":0.029648423194885255,"y":1.9138243198394776,"z":-1.5516157150268555},"rotation":{"x":-0.22649411857128144,"y":0.771674394607544,"z":-0.38889193534851076,"w":-0.449429452419281},"size":23.906328201293947,"orthographic":false}