{"cameraMode":{"drawMode":0,"name":"Shaded","section":"Shading Mode"},"sceneLighting":true,"audioPlay":false,"sceneViewState":{"showFog":true,"showMaterialUpdate":false,"showSkybox":true,"showFlares":true,"showImageEffects":true,"showParticleSystems":true},"in2DMode":false,"pivot":{"x":-14.680000305175782,"y":3.337974786758423,"z":32.13603973388672},"rotation":{"x":0.1464466005563736,"y":0.8535534739494324,"z":-0.3535533845424652,"w":0.3535533845424652},"size":39.41728210449219,"orthographic":false}