{"cameraMode":{"drawMode":0,"name":"Shaded","section":"Shading Mode"},"sceneLighting":true,"audioPlay":false,"sceneViewState":{"showFog":true,"showMaterialUpdate":false,"showSkybox":true,"showFlares":true,"showImageEffects":true,"showParticleSystems":true},"in2DMode":false,"pivot":{"x":-24.62812614440918,"y":-0.21918535232543946,"z":-4.9731526374816898},"rotation":{"x":-0.015413105487823487,"y":0.973889946937561,"z":-0.21554146707057954,"w":-0.0696379691362381},"size":18.62981605529785,"orthographic":false}