{"cameraMode":{"drawMode":0,"name":"Shaded","section":"Shading Mode"},"sceneLighting":false,"audioPlay":false,"sceneViewState":{"showFog":true,"showMaterialUpdate":false,"showSkybox":false,"showFlares":true,"showImageEffects":true,"showParticleSystems":true},"in2DMode":false,"pivot":{"x":-15.729999542236329,"y":3.3304741382598879,"z":-5.449999809265137},"rotation":{"x":-0.22649411857128144,"y":0.771674394607544,"z":-0.38889193534851076,"w":-0.449429452419281},"size":16.901004791259767,"orthographic":false}